slug,title,category,status,format,wordCount,hasHero
"amity-online-mba-hr-worth-it","Is Amity University Online MBA in HR Worth It? Real Talk from Someone Who Researched It","Online MBA Programs","draft","single",1052,false
"is-online-mba-worth-it-2026","Is Online MBA Worth It in 2026? The Honest Truth Nobody Tells You","Online MBA India","published","single",1000,true
"how-to-choose-online-mba-university-india-2026","How to Choose the Right Online MBA University in India in 2026 (Step-by-Step)","Online MBA India","published","single",1189,true
"affordable-online-mba-india-2026","Best Affordable Online MBA in India 2026 — A Straight-Talk Guide","Online MBA India","published","single",1275,true
"online-mba-for-working-professionals-india","Online MBA for Working Professionals in India 2026 — What to Check Before You Pay","Online MBA for Working Professionals","published","single",1028,true
"symbiosis-online-mba-review-2026","Symbiosis Online MBA 2026: Fees, Program Details and Student Feedback","University Review","published","single",1124,true
"nmims-online-mba-review-2026","NMIMS Online MBA 2026: Honest Review of Fees, Specialisations, Placements and What Students Actually Say","University Reviews","published","single",1979,false
"ignou-online-mba-review-2026","IGNOU Online MBA: Is It Still Worth It in 2026?","University Review","published","single",937,true
"online-manipal-mba-review-2026","Online Manipal MBA Review 2026: MAHE vs MUJ vs SMU Compared","University Review","published","single",1180,true
"mahe-online-mba-review-2026","MAHE Online MBA: Fees, Specialisations and Review 2026","University Review","published","single",1057,true
"muj-online-mba-review-2026","MUJ Online MBA: Fees, 13 Specialisations and Review 2026","University Review","published","single",1159,true
"career-after-mba-jobs-salary-scope-2026","Career After MBA 2026: Top 10 Highest-Paying Jobs, Salary Data and Scope in India","Career Guide","published","single",1605,false
"career-after-bcom-jobs-salary-courses-2026","Career After B.Com 2026: Top 10 Courses, Jobs, Salary and CA vs MBA Comparison","Career Guide","published","single",1388,false
"1-year-mba-india-executive-mba-2026","1 Year MBA in India 2026 — Executive MBA Programs for Working Professionals","MBA Guides","published","single",544,false
"is-manipal-university-jaipur-fake-or-legit-2026","Is Manipal University Jaipur Fake or Legit? (2026 Proof)","University Reviews","published","single",1541,false
"mba-fees-india-complete-guide-2026","MBA Fees in India 2026 — Complete Cost Guide (Govt, Private, Online)","MBA Guides","published","single",542,false
"iim-online-mba-india-2026","IIM Online MBA 2026 — Kozhikode, Bangalore, Calcutta Fees, Eligibility & Worth It?","Online MBA Programs","published","single",654,true
"career-after-12th-arts-courses-jobs-2026","Career After 12th Arts 2026 — Best Courses, Jobs & Salary (Complete Guide)","Career Guides","published","single",604,true
"mba-after-bca-is-it-good-career-2026","MBA After BCA — Is It a Good Career Move? Salary, Jobs & Best Universities 2026","Career Guides","published","single",521,true
"govt-jobs-after-mba-india-2026","Government Jobs After MBA 2026 — PSU, Bank PO, UPSC & More (Full List)","Career Guides","published","single",622,true
"best-mba-specialization-india-2026","Best MBA Specialization in India 2026 — Which to Choose for Maximum Salary?","Online MBA Programs","published","single",615,true
"career-after-12th-science-courses-jobs-2026","Career After 12th Science 2026: Top 15 Options, BCA vs B.Sc vs B.Tech and Salary Data","Career Guides","published","single",1407,true
"career-after-12th-commerce-courses-jobs-2026","Career After 12th Commerce 2026 — Best Courses, Jobs & Salary Guide","Career Guides","published","single",502,true
"mba-after-bsc-is-it-good-2026","MBA After BSc — Is It a Good Idea? Salary, Jobs & Which Specialization 2026","Career Guides","published","single",546,true
"online-mba-without-entrance-exam-india-2026","Online MBA Without Entrance Exam 2026 — Direct Admission Universities & Process","Online MBA Programs","published","single",452,true
"mat-exam-2026-eligibility-pattern-dates","MAT Exam 2026 — Eligibility, Paper Pattern, Dates & Score Card Explained","MBA Entrance Exams","published","single",943,true
"cmat-exam-2026-guide-eligibility-pattern","CMAT Exam 2026 — Eligibility, Pattern, Score, Dates & Colleges Accepting CMAT","MBA Entrance Exams","published","single",840,true
"mba-entrance-exams-india-2026","MBA Entrance Exams India 2026 — CAT, MAT, CMAT, XAT, ATMA Compared","MBA Entrance Exams","published","single",967,true
"ugc-deb-approved-universities-list-2026","UGC DEB Approved Universities List 2026 — How to Verify Before You Enroll","University Guides","published","single",957,true
"mba-vs-pgdm-online-india-2026","MBA vs PGDM in India 2026 — Key Differences, Which Is Better for You","MBA Guides","published","single",848,true
"online-mba-salary-india-2026","Online MBA Salary in India 2026 — What to Expect After Your Degree","MBA Career Guide","published","single",881,true
"online-mba-lpu-review-2026","LPU Online MBA Review 2026: Fees, Specialisations and Honest Take","Online MBA University Reviews","published","single",2153,true
"distance-mba-kolkata-top-programs-2026","Best Distance MBA in Kolkata 2026 — Top Programs, Fees & Tips","City-Specific MBA Guides","published","single",824,true
"online-mba-pune-university-2026","Online MBA in Pune 2026 — SPPU, Symbiosis SCDL & Top Programs Compared","City-Specific MBA Guides","published","single",959,true
"distance-mba-kerala-programs-2026","Exploring Distance MBA Programs in Kerala 2026 — Top Universities & Admission Guide","City-Specific MBA Guides","published","single",1089,true
"is-online-degree-valid-india-2026","Is Online Degree Valid in India 2026? UGC, Employers and Courts Say Yes","Guides","published","single",833,false
"mba-after-engineering-india-2026","MBA After Engineering in India 2026: Is It Worth It and Which Specialisation?","Guides","published","single",790,false
"mba-finance-career-salary-scope-2026","MBA Finance Career, Salary and Scope in India 2026: Complete Guide","Guides","published","single",755,false
"mba-hr-career-salary-scope-2026","MBA HR Career, Salary and Scope in India 2026: Is It Worth Choosing?","Guides","published","single",603,false
"mba-marketing-career-salary-jobs-2026","MBA Marketing Career, Salary and Jobs in India 2026: Full Guide","Guides","published","single",522,false
"distance-mba-bangalore-2026","Distance MBA in Bangalore 2026: Best Programs for IT and Tech Professionals","City Guides","published","single",525,false
"online-mba-delhi-ncr-2026","Online MBA in Delhi NCR 2026: Best Programs, Fees and Admission Guide","City Guides","published","single",503,false
"mba-data-science-analytics-career-2026","MBA Data Science and Analytics Career and Salary India 2026","Guides","published","single",585,false
"online-mba-for-freshers-india-2026","Online MBA for Freshers in India 2026: Can You Do It Without Work Experience?","Guides","published","single",517,false
"online-mba-eligibility-criteria-india-2026","Online MBA Eligibility Criteria India 2026: Full Requirements Guide","Guides","published","single",477,false
"mba-or-mca-which-is-better-2026","MBA or MCA: Which Is Better in 2026 for Career and Salary?","Guides","published","single",542,false
"online-mba-admission-process-india-2026","Online MBA Admission Process in India 2026: Step-by-Step Guide","Guides","published","single",483,false
"mba-for-commerce-students-india-2026","MBA for Commerce Students in India 2026: Best Specialisations and Career Paths","Guides","published","single",627,false
"mba-scope-india-2026","MBA Scope in India 2026 — Jobs, Salary & Career Paths","MBA Career","published","single",360,false
"mba-vs-bba-which-is-better-2026","MBA vs BBA: Which Is Better in 2026? Full Comparison","MBA vs Others","published","single",232,false
"online-mba-government-employees-india-2026","Online MBA for Government Employees in India 2026","Online MBA","published","single",194,false
"mba-operations-management-career-2026","MBA Operations Management Career 2026 — Jobs, Salary & Scope","MBA Career","published","single",188,false
"mba-international-business-career-2026","MBA International Business Career 2026 — Jobs, Salary & Scope in India","MBA Career","published","single",193,false
"mba-digital-marketing-career-2026","MBA Digital Marketing Career 2026 — Jobs, Salary & Scope in India","MBA Career","published","single",205,false
"distance-mba-chennai-2026","Distance MBA Chennai 2026 — Top Programs, Fees & Universities","Distance MBA","published","single",225,false
"distance-mba-hyderabad-2026","Distance MBA Hyderabad 2026 — Top Programs, Fees & Universities","Distance MBA","published","single",220,false
"online-mba-ahmedabad-gujarat-2026","Online MBA Ahmedabad & Gujarat 2026 — Top Programs, Fees & Universities","Online MBA","published","single",217,false
"top-free-online-mba-courses-2026","Top Free Online MBA Courses 2026 — Harvard, Wharton & MIT Picks","MBA Guides","published","single",411,false
"online-executive-mba-india-2026","Online Executive MBA in India 2026 — Programs, Fees & Eligibility","Executive MBA","published","single",376,false
"online-executive-mba-iim-2026","Online Executive MBA from IIM 2026 — Options, Fees & Eligibility","Executive MBA","published","single",400,false
"is-distance-mba-worth-it-india-2026","Is Distance MBA Worth It in India 2026? ROI & Career Impact","MBA Guides","published","single",449,false
"distance-mba-colleges-mumbai-2026","Distance MBA Colleges in Mumbai 2026 — Top Programs, Fees & Eligibility","Distance MBA","published","single",751,false
"du-online-mba-delhi-university-2026","DU Online MBA 2026 — Delhi University SOL MBA Eligibility, Fees & Process","University Review","published","single",593,false
"mba-international-online-global-programs-2026","MBA International Online 2026 — Global Programs, AACSB Accreditation & ROI","MBA Guides","published","single",564,false
"top-online-mba-india-2026","Top Online MBA in India 2026 — Best Programs for Working Professionals","Online MBA","published","single",519,false
"distance-mba-meaning-what-is-it-2026","Distance MBA Meaning — What Is a Distance MBA and How Does It Work?","MBA Guides","published","single",645,false
"ma-distance-learning-india-2026","MA Distance Learning in India 2026 — Programs, Fees & Career Paths","Distance Education","published","single",523,false
"online-mba-courses-chennai-2026","Online MBA Courses in Chennai 2026 — Top Programs, UGC DEB & Fees","Online MBA","published","single",765,false
"top-correspondence-mba-colleges-india-2026","Top Correspondence MBA Colleges in India: 2026 Guide with Real Fee Data","Distance MBA","published","single",534,false
"online-mba-vs-distance-mba-difference-2026","Difference Between Online MBA and Distance MBA: The Complete Guide","Distance MBA","published","single",465,false
"correspondence-mba-meaning-2026","Correspondence MBA Meaning: What It Is, How It Works, and Whether It\'s Right for You","Distance MBA","published","single",429,false
"top-executive-mba-programs-india-2026","Top Executive MBA Programs in India: 2026 Guide for Senior Professionals","MBA Guides","published","single",461,false
"icfai-online-mba-fees-2026","ICFAI Online MBA Fees: What to Verify Before You Apply in 2026","University Reviews","published","single",363,false
"icfai-distance-mba-2026","ICFAI Distance MBA: Is It Still Relevant in 2026?","University Reviews","published","single",468,false
"online-mba-fee-comparison-india-2026","Online MBA Fee Comparison India 2026: Every Major University in One Place","MBA Guides","published","single",716,false
"jamia-hamdard-mba-2026","Jamia Hamdard MBA: Full-Time vs Online, Fees, Eligibility and What to Verify","University Reviews","published","single",400,false
"is-mba-post-graduation-india-2026","Is MBA a Postgraduate Degree? What It Actually Means in India","MBA Guides","published","single",314,false
"mba-course-duration-india-2026","MBA Course Duration in India: The Definitive Guide for Every Format","MBA Guides","published","single",352,false
"amity-online-mba-review-2026","Amity Online MBA 2026: Fees, Review, 19 Specializations & Honest Assessment","University Reviews","published","single",3757,false
"phd-full-form-doctorate-meaning-india","","Career Guides","published","single",1151,true
"14-principles-of-management-henri-fayol","","MBA & Management","published","single",834,true
"cat-exam-syllabus-2026-complete-guide","","Exam Guides","published","single",870,true
"career-objective-for-fresher-resume-examples","","Career Guides","published","single",1042,true
"best-computer-courses-after-12th-india-2026","","Career Guides","published","single",627,true
"courses-after-12th-science-complete-list-2026","","Career Guides","published","single",741,true
"iim-ranking-india-2026-all-iims-list","","MBA & Management","published","single",481,true
"toughest-exams-india-world-2026","","Exam Guides","published","single",837,true
"ias-officer-salary-india-2026-pay-scale-perks","","Career Guides","published","single",546,true
"cyber-security-salary-india-2026-career-guide","","Career Guides","published","single",602,true
"data-science-salary-india-2026-scope-jobs","","Career Guides","published","single",517,true
"investment-banking-career-india-salary-qualification","","Career Guides","published","single",505,true
"arts-stream-jobs-career-options-salary-india","","Career Guides","published","single",546,true
"commerce-jobs-list-salary-india-2026","","Career Guides","published","single",327,true
"bsc-career-options-scope-salary-india-2026","","Career Guides","published","single",469,true
"gd-topics-for-mba-2026-with-answers","","MBA & Management","published","single",884,true
"llm-course-duration-fees-scope-india-2026","","Career Guides","published","single",550,true
"online-mca-course-india","Online MCA Course in India: Fees, Colleges and Career Scope 2026","Online MCA Programs","published","single",1034,true
"amity-online-mca-fees-review","Amity Online MCA: Fees, Specialisations and Honest Review 2026","Online MCA Programs","published","single",918,true
"vignan-online-mba-review","Vignan Online MBA 2026: Fees, Syllabus, Honest Review","Online MBA Programs","published","single",1474,true
"dsu-online-mba-review","Dayananda Sagar University Online MBA 2026: Fees, Syllabus, Honest Review","Online MBA Programs","published","single",1690,true
"smu-online-mba-review","Sikkim Manipal University Online MBA 2026: Fees, Dual Specialization, Syllabus and Honest Review","Online MBA Programs","published","single",1254,true
"uu-doon-online-mba-review","Uttaranchal University Online MBA 2026: Fees, Syllabus, Specializations and Honest Review","Online MBA Programs","published","single",1109,true
"galgotias-online-mba-review","Galgotias Online MBA 2026: Fees, Syllabus, Specializations and Honest Review","Online MBA Programs","published","single",1141,true
"arka-jain-online-mba-review","ARKA JAIN University JGI Online MBA 2026: Fees, GenAI Syllabus and Honest Review","Online MBA Programs","published","single",1144,true
"noida-international-university-online-mba-review","Noida International University Online MBA 2026: Fees, 10 Specializations, Syllabus and Honest Review","Online MBA Programs","published","single",1880,true
"shoolini-online-mba-review","Shoolini Online MBA 2026: Fees, 16 Specializations, Pay After Placement and Honest Review","Online MBA Programs","published","single",1157,true
"dy-patil-online-mba-review","DY Patil Online MBA Pune 2026: WES Recognition, edX Harvard MIT Access and Honest Review","Online MBA Programs","published","single",1021,false
"chandigarh-university-online-mba-review","Chandigarh University Online MBA 2026: Harvard PwC PMI Certifications, 23 Specializations Reviewed","Online MBA Programs","published","single",1031,false
"jaypee-jiit-online-mba-review","Jaypee JIIT Online MBA 2026: Fees, IT Business Analytics, AI in Business and Honest Review","Online MBA Programs","published","single",1101,false
"mba-full-form-course-details-eligibility-fees-2026","MBA Full Form: What is MBA, Eligibility, Fees, Specializations, Salary 2026","Career Guides","published","single",3288,false
"bca-full-form-course-details-eligibility-fees-2026","BCA Full Form: What is BCA, Course Details, Subjects, Fees, Salary 2026","Career Guides","published","single",2738,false
"bba-full-form-course-details-eligibility-fees-2026","BBA Full Form: What is BBA, Course Details, Subjects, Fees, Salary 2026","Career Guides","published","single",3222,false
"mca-full-form-course-details-eligibility-fees-2026","MCA Full Form: What is MCA, Course Details, Subjects, Fees, Salary 2026","Career Guides","published","single",2570,false
"bcom-full-form-course-details-eligibility-fees-2026","B.Com Full Form: What is B.Com, Course Details, Subjects, Fees, Salary 2026","Career Guides","published","single",2583,false
"btech-full-form-course-details-eligibility-fees-2026","B.Tech Full Form: What is B.Tech, Branches, Fees, Eligibility, Salary 2026","Career Guides","published","single",3093,false
"bsc-full-form-course-details-eligibility-fees-2026","BSc Full Form: What is BSc, Branches, Subjects, Fees, Salary 2026","Career Guides","published","single",3273,false
"ma-full-form-course-details-eligibility-fees-2026","MA Full Form: What is MA, Specializations, Subjects, Fees, Salary 2026","Career Guides","published","single",3558,false
"amity-online-bba-fees-2026","Amity Online BBA Fees 2026: ₹1,75,120 One-Time + 0% EMI","Fee Guides","published","json",2261,true
"amity-online-bba-review-2026","Amity Online BBA Review 2026: Fees, Curriculum & Honest Take","University Reviews","published","json",2491,true
"bits-pilani-online-mba-review-2026","BITS Pilani Online MBA Review 2026: WILP Fees & Honest Take","University Reviews","published","json",2424,true
"imt-ghaziabad-online-mba-review-2026","IMT Ghaziabad Online MBA Review 2026: CDL PGDM Fees & Take","University Reviews","published","json",2442,true
"jain-online-mba-review-2026","JAIN Online MBA Review 2026: Fees, 18 Specs & Honest Take","University Reviews","published","json",2685,true
"mba-hr-management-online-india-2026","MBA HR Management Online India 2026: 25+ Unis Compared","Online MBA","published","json",2954,true
"mba-pharmaceutical-management-online-india-2026","MBA Pharmaceutical Management Online 2026: Fees & Take","Online MBA","published","json",2153,true
"online-bba-degree-india-validity-2026","Online BBA Degree in India 2026: Valid? Recognition & Jobs","Degree Validity","published","json",2761,true
"online-bba-in-india-2026","Online BBA in India 2026: Fees, Universities & Honest Guide","Online BBA","published","json",2841,true
"online-bba-programs-india-2026","Online BBA Programs 2026: 10+ Specialisations Compared","Online BBA","published","json",3147,true
"online-mba-aviation-management-india-2026","MBA in Aviation Management Online India 2026: Fees & Universities","Online MBA","published","json",2374,true
"online-mba-business-data-analytics-india-2026","Online MBA in Business Analytics in India 2026: 16+ Unis","Online MBA","published","json",2898,true
"online-mba-entrepreneurship-india-2026","Online MBA Entrepreneurship India 2026: Fees & Universities","Online MBA","published","json",2407,true
"online-mba-event-management-india-2026","MBA in Event Management Online India 2026: Universities & Fees","Online MBA","published","json",2272,true
"online-mba-hospital-healthcare-management-india-2026","Online MBA Hospital Administration India 2026: 8 Universities","Online MBA","published","json",2714,true
"online-mba-supply-chain-management-india-2026","MBA Supply Chain Management Online India 2026: 10 Universities","Online MBA","published","json",2486,true
"upes-online-mba-review-2026","UPES Online MBA Review 2026: Fees, 11 Specs & Honest Take","University Reviews","published","json",2423,true
"xlri-online-mba-review-2026","XLRI Online MBA Review 2026: ₹14.4L Worth It? Honest Take","University Reviews","published","json",2632,true
"best-online-mba-colleges-india-2026","Best Online MBA Colleges in India 2026: Top 15 UGC-DEB Ranked","Online MBA Programs","published","single",2355,true
"is-online-mba-valid-india-2026","Is Online MBA Valid in India 2026? UGC and Employers Say Yes","Online MBA Programs","published","single",2224,true
"online-mba-with-placement-india-2026","Online MBA with Placement in India 2026: Universities Compared","Online MBA Programs","published","single",2688,true