id,slug,name,short_name,city,state,established_year,university_type,is_ioe,ugc_deb_status,ugc_deb_valid_till,programme_count,brand_slug,description,history_summary,known_for,founded_context,aliases,data_updated_at,created_at,naac_grade,naac_score,naac_cycle,nirf_university_rank,nirf_university_score,nirf_university_total,nirf_overall_rank,nirf_overall_score,nirf_overall_total,nirf_management_rank,nirf_management_score,nirf_management_total,nirf_engineering_rank,nirf_engineering_score,nirf_engineering_total,nirf_pharmacy_rank,nirf_pharmacy_score,nirf_pharmacy_total,nirf_other_categories,nba_count,aicte_status,aacsb_status,programmes_in_db,aicte_listed_count,programme_categories_offered
cf9a566c-4f7a-4ac0-a2e9-b2cd4ba0efe6,jain-deemed-to-be-university-online,Jain (Deemed-to-be University),,,Karnataka,,Deemed-to-be University,false,approved,,11,,"Granted Deemed-to-be University status in 2009. Located in Bengaluru. Evolved from Sri Bhagawan Mahaveer Jain College, established in 1990.","Online programmes are delivered through Online JAIN. As a Deemed-to-be University, AICTE approval applies to online MBA and MCA programmes per regulation.","Operates multiple constituent schools across business, engineering, sciences, and humanities.",,,2026-04-30T20:19:18.287966+00:00,2026-04-30T20:08:24.232111+00:00,A++,3.71,2,62,,200,,,,73,,100,84,,200,,,,,0,active,,11,4,B.Com;BBA;BCA;M.Com;MA;MBA;MCA
758d9697-cbe0-4886-9e00-0a975052b246,sikkim-manipal-university-online,Sikkim Manipal University,,,Sikkim,,Private University,false,approved,,9,,Founded in 1995 in Sikkim as a State Private University. Established as a public-private partnership between the Government of Sikkim and the Manipal Group.,"Online programmes are delivered through Online Manipal. As a State Private University, AICTE is not legally required for online MBA per UGC guidelines, though SMU's online MCA programme holds explicit AICTE approval.",First public-private partnership university model in India. Operates Sikkim Manipal Institute of Medical Sciences alongside engineering and management programmes.,,Sikkim Manipal;SMU,2026-04-30T20:19:18.288278+00:00,2026-04-30T20:08:24.369356+00:00,A+,3.28,1,,,,,,,,,,,,,,,,,1,,,9,0,B.Com;BA;BBA;M.Com;MA;MBA;MCA
dc544106-aad8-4f8c-a6fe-d9c43ef8ea5b,shoolini-university-of-biotechnology-and-management-sciences-online,Shoolini University of Biotechnology and Management Sciences,,,Himachal Pradesh,,Private University,false,approved,,8,,"Founded in 2009 in Solan, Himachal Pradesh, as a State Private University, established under the Himachal Pradesh state Act.","Online programmes are delivered through Shoolini Online. As a State Private University, AICTE is not legally required for online MBA per UGC guidelines.","Originally established with a focus on biotechnology, pharmacy, and applied life sciences.",,,2026-04-30T20:19:18.287933+00:00,2026-04-30T20:08:24.232111+00:00,A+,3.3,2,69,,200,,,,,,,,,,44,,100,,0,,,8,0,B.Com;BBA;BCA;M.Sc;MA;MBA;MCA
6531560c-572d-4f70-a89a-d9cbfa2703bc,andhra-university-online,Andhra University,,,Andhra Pradesh,,State University,false,approved,,12,,"Founded in 1926 in Visakhapatnam by an Act of the Madras Presidency. State Public University. One of the older universities in southern India, predating Indian independence.","Online programmes are delivered through the Directorate of Distance Education. As a State Public University, AICTE is not legally required for online MBA per UGC guidelines.","A teaching, residential, and affiliating university with constituent colleges across coastal Andhra Pradesh.",,,2026-04-30T20:19:18.287664+00:00,2026-04-30T20:08:24.232111+00:00,A++,3.74,4,23,,200,41,,200,,,,,,,,,,,0,,,12,0,B.Com;BA;M.Com;MA;MBA;MCA
065f03f3-22e6-4744-8750-ec4a28a77936,manipal-academy-of-higher-education-online,Manipal Academy of Higher Education,,,Karnataka,,Deemed-to-be University,true,approved,,7,,"Founded in 1953 in Manipal, Karnataka. Granted Deemed-to-be University status. Granted Institution of Eminence status by the Government of India in 2018.","Online programmes are delivered through the Online Manipal platform, alongside Manipal University Jaipur and Sikkim Manipal University. Each is a legally separate UGC-DEB approved university.","Originally established as a medical college (Kasturba Medical College). Programmes have since expanded to include engineering, management, and life sciences.",,Manipal;MAHE;Manipal Karnataka,2026-04-30T20:19:18.287983+00:00,2026-04-30T20:08:24.232111+00:00,A++,3.65,3,3,,200,14,,200,39,,100,59,,200,8,,100,Architecture:27;Dental:5;Research:19;Medical:10,0,active,active,7,4,B.Com;BBA;M.Sc;MBA;MCA
e9b7c590-6f3d-4946-9673-74542505c052,maharshi-dayanand-university-online,Maharshi Dayanand University,,,Haryana,,State University,false,approved,,8,,,,,,,2026-04-30T20:19:18.287898+00:00,2026-04-30T20:08:24.232111+00:00,,,,,,,,,,,,,,,,43,,100,,0,,,8,0,BA;M.Com;M.Sc;MA
0ff64c2e-b105-4bf2-8e4e-841d272262eb,maharishi-markandeshwar-online,Maharishi Markandeshwar,,,Haryana,,Deemed-to-be University,false,approved,,6,,,,,,,2026-04-30T20:19:18.287906+00:00,2026-04-30T20:08:24.232111+00:00,A++,3.53,2,85,,200,,,,,,,,,,26,,100,Medical:33,1,active,,6,2,B.Com;BBA;BCA;M.Sc;MBA;MCA
b77bfd63-0171-4c1d-a37f-9780a98f9e6d,central-university-of-himachal-pradesh-online,Central University of Himachal Pradesh,,,Himachal Pradesh,,Central University,false,approved,,5,,,,,,,2026-04-30T20:19:18.287943+00:00,2026-04-30T20:08:24.232111+00:00,A+,3.42,2,,,,,,,,,,,,,,,,,0,,,5,0,MA;MBA;MCA
6bb60552-896f-4305-b359-a919671df500,university-of-jammu-online,University of Jammu,,,Jammu & Kashmir,,State University,false,approved,,2,,,,,,,2026-04-30T20:19:18.28795+00:00,2026-04-30T20:08:24.232111+00:00,A++,3.72,4,51,,200,87,,200,,,,,,,,,,,0,,,2,0,M.Com;MA
c9c6a899-2f34-411a-a1e4-aa111bdb7aba,birla-institute-of-technology-online,Birla Institute of Technology,,,Jharkhand,,Deemed-to-be University,false,approved,,1,,,,,,,2026-04-30T20:19:18.287958+00:00,2026-04-30T20:08:24.232111+00:00,A,3.17,2,92,,200,,,,97,,100,51,,200,28,,100,Architecture:22,1,active,,1,1,MBA
670f8b42-137c-41cf-b5cb-b12777897029,christ-deemed-to-be-university-online,Christ (Deemed to be University),,,Karnataka,,Deemed-to-be University,false,approved,,7,,"Granted Deemed-to-be University status in 2008. Located in Bengaluru. Evolved from Christ College, established in 1969 by the Carmelites of Mary Immaculate (CMI).","As a Deemed-to-be University, AICTE approval applies to online MBA and MCA programmes per regulation.","Operates multiple campuses across Bengaluru, Delhi NCR, and Pune. Programmes span commerce, management, humanities, and sciences.",,,2026-04-30T20:19:18.288028+00:00,2026-04-30T20:08:24.232111+00:00,A+,3.42,2,63,,200,96,,200,57,,100,76,,200,,,,Law:24;Architecture:34,1,active,,7,2,B.Com;BCA;M.Sc;MA;MCA
c430f103-9e0d-4c7c-a69e-15125af80622,jss-academy-of-education-and-research-online,JSS Academy of Education and Research,,,Karnataka,,Deemed-to-be University,false,approved,,3,,,,,,,2026-04-30T20:19:18.287975+00:00,2026-04-30T20:08:24.232111+00:00,A++,3.61,,21,,200,38,,200,,,,,,,4,,100,Dental:10;Medical:37,0,active,,3,3,BBA;MBA
0b27930e-2e9b-4aaa-977b-8a2a8f86cfb9,bangalore-university-online,Bangalore University,,,Karnataka,,State University,false,approved,,10,,,,,,,2026-04-30T20:19:18.28799+00:00,2026-04-30T20:08:24.232111+00:00,A++,3.75,4,65,,200,,,,,,,,,,,,,,0,,,10,0,B.Com;M.Com;M.Sc;MA
bc36e046-b7f8-4858-a1d4-0edb71539135,university-of-mysore-online,University of Mysore,,,Karnataka,,State University,false,approved,,12,,,,,,,2026-04-30T20:19:18.287998+00:00,2026-04-30T20:08:24.232111+00:00,A,3.01,4,71,,200,,,,,,,,,,,,,,0,,,12,0,B.Com;BBA;BCA;M.Com;MBA;MCA
1e078ecb-8395-416d-930f-dd0d889f9141,yenepoya-online,Yenepoya,,,Karnataka,,Deemed-to-be University,false,approved,,6,,,,,,,2026-04-30T20:19:18.288005+00:00,2026-04-30T20:08:24.232111+00:00,A+,3.47,2,,,,,,,,,,,,,,,,,0,active,,6,4,B.Com;BBA;BCA;MBA;MCA;MLIS
2dce5851-7c70-4857-95e5-8e641b2bf1bc,visvesvaraya-technological-university-online,Visvesvaraya Technological University,,,Karnataka,,State University,false,approved,,13,,,,,,,2026-04-30T20:19:18.288012+00:00,2026-04-30T20:08:24.232111+00:00,B+,2.73,1,,,,,,,,,,,,,,,,,0,,,13,0,BBA;BCA;MBA;MCA;PG Diploma
e0d3e4fc-0171-405a-bb57-5f61264bd311,karnataka-state-open-university-online,Karnataka State Open University,,,Karnataka,,State Open University,false,approved,,10,,,,,,,2026-04-30T20:19:18.28802+00:00,2026-04-30T20:08:24.232111+00:00,A+,3.31,1,,,,,,,,,,,,,,,,,0,,,10,0,B.Com;BA;M.Com;M.Sc;MA;MBA
9403b9cc-f8b2-4456-862b-386254fbe2e3,dayanand-sagar-university-online,Dayanand Sagar University,,,Karnataka,,Private University,false,approved,,5,,,,,,,2026-04-30T20:19:18.288035+00:00,2026-04-30T20:08:24.232111+00:00,A+,3.31,,,,,,,,,,,,,,,,,,0,,,5,0,B.Com;BBA;BCA;MBA;MCA
d10db0e9-44b4-4927-8569-17a783849596,alliance-university-online,Alliance University,,,Karnataka,,Private University,false,approved,,3,,,,,,,2026-04-30T20:19:18.288042+00:00,2026-04-30T20:08:24.232111+00:00,A+,3.26,1,,,,,,,71,,100,,,,,,,Law:20,0,active,,3,1,B.Com;BBA;MBA
e4468f67-e39f-41dc-bc83-9a11eb50435c,adichunchanagiri-university-online,Adichunchanagiri University,,,Karnataka,,Private University,false,approved,,1,,,,,,,2026-04-30T20:19:18.288049+00:00,2026-04-30T20:08:24.232111+00:00,A+,3.39,1,,,,,,,,,,,,,,,,,0,,,1,0,MBA
da31f963-e91d-474f-9062-816b7d248bb1,mahatma-gandhi-university-online,Mahatma Gandhi University,,,Kerala,,State University,false,approved,,13,,,,,,,2026-04-30T20:19:18.288057+00:00,2026-04-30T20:08:24.232111+00:00,A++,3.61,4,43,,200,79,,200,,,,,,,,,,,0,,,13,0,B.Com;BA;BBA;M.Com;M.Sc;MA;MBA
84c5efcb-7c7d-4f24-ae62-cd585e109f55,university-of-kerala-online,University of Kerala,,,Kerala,,State University,false,approved,,4,,,,,,,2026-04-30T20:19:18.288064+00:00,2026-04-30T20:08:24.232111+00:00,A++,3.67,3,25,,200,42,,200,,,,,,,,,,,0,,,4,0,B.Com;BBA;M.Com;MBA
73ee8d08-534e-4ca9-b42a-ba4bab8ae13d,sage-university-online,SAGE University,,,Madhya Pradesh,,Private University,false,approved,,9,,,,,,,2026-04-30T20:19:18.288078+00:00,2026-04-30T20:08:24.232111+00:00,A+,3.41,,,,,,,,,,,,,,,,,,0,,,9,0,BBA;BCA;M.Com;M.Sc;MA;MBA;MCA
a39a60dc-abbd-4ae1-8b0a-274ce093f5e9,dy-patil-navi-mumbai-online,D.Y. Patil (Navi Mumbai),,,Maharashtra,,Deemed-to-be University,false,approved,,4,,,,,,,2026-04-30T20:19:18.288103+00:00,2026-04-30T20:08:24.232111+00:00,A++,3.59,3,91,,200,,,,,,,,,,,,,,0,active,,4,4,BBA;BCA;MBA;MCA
4663aeb6-fbff-4e73-aa29-f1b3ed3ee533,alagappa-university-online,Alagappa University,,,Tamil Nadu,,State University,false,approved,,8,,"Founded in 1985 in Karaikudi, Tamil Nadu, by an Act of the Tamil Nadu state legislature. State Public University.","Online programmes are delivered through the Directorate of Distance Education. As a State Public University, AICTE is not legally required for online MBA per UGC guidelines.",Operates as a teaching and affiliating university with a distance education programme.,,,2026-04-30T20:19:18.288383+00:00,2026-04-30T20:08:24.369356+00:00,A++,3.59,4,44,,200,73,,200,,,,,,,,,,,0,,,8,0,B.Com;BA;BBA;M.Com;MA;MBA
56d8a7ea-5263-4164-92b1-4ecc2324b64b,university-of-madras-online,University of Madras,,,Tamil Nadu,,State University,false,approved,,9,,"Founded in 1857 in Chennai, Tamil Nadu. State Public University. One of the three oldest universities in India, established alongside the Universities of Calcutta and Bombay.","Online programmes are delivered through the Institute of Distance Education. As a State Public University, AICTE is not legally required for online MBA per UGC guidelines.",Affiliates colleges across northern Tamil Nadu. Operates the Institute of Distance Education.,,,2026-04-30T20:19:18.28836+00:00,2026-04-30T20:08:24.369356+00:00,A++,3.59,4,38,,200,68,,200,,,,,,,,,,,0,,,9,0,B.Com;BA;BBA;M.Com;MA
1aea7e44-aca7-4480-95c8-654fc498be50,amrita-vishwa-vidyapeetham-university-online,Amrita Vishwa Vidyapeetham University,,,Tamil Nadu,,Deemed-to-be University,false,approved,,8,,"Founded in 2003 with headquarters in Coimbatore, Tamil Nadu, as a Deemed-to-be University. Operates campuses in Coimbatore, Bengaluru, Kochi, Mysore, Amritapuri, Chennai, and Faridabad.","Online programmes are delivered through Amrita Online. As a Deemed-to-be University, AICTE approval applies to online MBA and MCA per regulation.","Established with engineering, medical sciences, and Sanskrit-related programmes.",,,2026-05-08T08:38:11.188+00:00,2026-04-30T20:08:24.369356+00:00,A++,3.7,3,8,,200,17,,200,26,,100,23,,200,14,,100,Dental:14;Research:31;Medical:9,1,active,active,8,2,B.Com;M.Com;M.Sc;MA;MBA;MCA
58424b5f-6880-4a84-9fc4-fc05f964b85b,symbiosis-international-online,Symbiosis International,,,Maharashtra,,Deemed-to-be University,false,approved,,10,,Granted Deemed-to-be University status in 2002. Located in Pune. The Symbiosis Society itself was established in 1971.,"Online programmes are delivered through Symbiosis Centre for Distance Learning (SCDL) and Symbiosis Centre for Online and Digital Learning. As a Deemed-to-be University, AICTE approval applies to online MBA and MCA per regulation.",Operates multiple constituent institutes across India.,,,2026-04-30T20:19:18.28811+00:00,2026-04-30T20:08:24.232111+00:00,A++,3.56,3,24,,200,40,,200,11,,100,46,,200,,,,Law:7,0,active,active,10,3,B.Sc;BBA;BCA;M.Sc;MA;MBA
4124211f-a97b-4f7b-b970-b30669648b11,bharati-vidyapeeth-online,Bharati Vidyapeeth,,,Maharashtra,,Deemed-to-be University,false,approved,,4,,"Granted Deemed-to-be University status in 1996. Headquartered in Pune, Maharashtra. Evolved from Bharati Vidyapeeth, an educational society founded in 1964 by Patangrao Kadam.","Online programmes include MBA, MCA, BBA, BCA, and BCom. As a Deemed-to-be University, AICTE approval applies to online MBA and MCA per regulation.","Operates constituent institutes across medicine, dentistry, engineering, management, and computer applications.",,,2026-04-30T20:19:18.288117+00:00,2026-04-30T20:08:24.369356+00:00,A++,3.6,4,59,,200,,,,,,,,,,,,,,1,active,,4,4,BBA;BCA;MBA;MCA
4b0f5fdd-247f-4713-8fb5-755cda3cd807,dr-dy-patil-vidyapeeth-pune-online,Dr. D.Y. Patil Vidyapeeth (Pune),,,Maharashtra,,Deemed-to-be University,false,approved,,3,,"Founded in 2003. Located in Pune as a Deemed-to-be University. Part of the broader D.Y. Patil education family, which includes multiple legally distinct institutions across Pune, Mumbai, and Navi Mumbai.","Online programmes include MBA and MCA at the postgraduate level. As a Deemed-to-be University, AICTE approval applies to online MBA and MCA per regulation.","Originally established with a focus on medicine and dentistry. Programmes have since expanded to include biotechnology, management, and computer applications.",,,2026-04-30T20:19:18.288093+00:00,2026-04-30T20:08:24.232111+00:00,A++,3.64,3,41,,200,71,,200,,,,,,,,,,Dental:4;Medical:12,0,active,,3,3,BBA;MBA;MCA
79dbaf6f-cfab-4e5b-9021-243728588987,vellore-institute-of-technology-online,Vellore Institute of Technology,,,Tamil Nadu,,Deemed-to-be University,false,approved,,4,,"Founded in 1984 as Vellore Engineering College. Granted Deemed-to-be University status in 2001. Operates campuses in Vellore, Chennai, Bhopal, Amaravati, and Andhra Pradesh.","Online programmes are delivered through VIT Online (VITOL). As a Deemed-to-be University, AICTE approval applies to online MBA and MCA per regulation.",Originally established as an engineering college. Admissions to on-campus engineering programmes are conducted through the VITEEE entrance exam.,,,2026-04-30T20:19:18.288397+00:00,2026-04-30T20:08:24.369356+00:00,A++,3.66,4,14,,200,21,,200,,,,16,,200,,,,Research:14,0,active,active,4,2,B.Com;M.Sc;MBA;MCA
4684e09c-d40d-4246-9ca4-d9c19dc488fb,university-of-mumbai-online,University of Mumbai,,,Maharashtra,,State University,false,approved,,1,,,,,,,2026-04-30T20:19:18.288134+00:00,2026-04-30T20:08:24.369356+00:00,A++,3.65,3,54,,200,92,,200,,,,,,,,,,,0,,,1,0,MA
1ee133c6-12df-4941-b046-7d9749c578e7,bharath-institute-of-higher-education-and-research-online,Bharath Institute of Higher Education and Research,,,Tamil Nadu,,Deemed-to-be University,false,approved,,3,,,,,,,2026-04-30T20:19:18.288301+00:00,2026-04-30T20:08:24.369356+00:00,,,,76,,200,90,,200,,,,,,,,,,,0,,,3,0,B.Com;BA;M.Com
e2484e10-43d1-4021-a39d-145bea254f69,bs-abdur-rahman-institute-of-science-and-technology-online,B.S Abdur Rahman Institute of Science and Technology,,,Tamil Nadu,,Deemed-to-be University,false,approved,,3,,,,,,,2026-04-30T20:19:18.288309+00:00,2026-04-30T20:08:24.369356+00:00,A+,3.33,2,,,,,,,,,,,,,,,,,0,active,,3,2,BA;MBA;MCA
aa230ca7-5a1e-436a-9444-326006fae5b6,sathyabama-institute-of-science-and-technology-online,Sathyabama Institute of Science and Technology,,,Tamil Nadu,,Deemed-to-be University,false,approved,,6,,,,,,,2026-04-30T20:19:18.288344+00:00,2026-04-30T20:08:24.369356+00:00,A++,3.73,3,53,,200,93,,200,,,,67,,200,,,,,1,active,,6,2,B.Com;BA;BBA;M.Sc;MA;MBA
dfead1de-6156-4b6e-b029-fd929e379c4b,kalasalingam-academy-of-research-and-higher-education-online,Kalasalingam Academy of Research and Higher Education,,,Tamil Nadu,,Deemed-to-be University,false,approved,,7,,,,,,,2026-04-30T20:19:18.288368+00:00,2026-04-30T20:08:24.369356+00:00,A++,3.51,3,28,,200,48,,200,,,,33,,200,,,,,1,active,,7,4,B.Com;BBA;BCA;M.Sc;MA;MBA;MCA
c43a68db-9626-4306-a7cf-0cf0ed0a1a3d,manonmaniam-sundaranar-university-online,Manonmaniam Sundaranar University,,,Tamil Nadu,,State University,false,approved,,10,,,,,,,2026-04-30T20:19:18.288405+00:00,2026-04-30T20:08:24.369356+00:00,A+,3.46,4,,,,,,,,,,,,,,,,,0,,,10,0,B.Com;BA;BBA;M.Com;MA;MBA
9ecc5589-d84f-468a-b84a-563abcfba393,hindustan-institute-of-technology-and-science-hits-online,Hindustan Institute of Technology and Science (HITS),,,Tamil Nadu,,Deemed-to-be University,false,approved,,5,,,,,,,2026-04-30T20:19:18.288414+00:00,2026-04-30T20:08:24.369356+00:00,A+,3.48,2,,,,,,,,,,,,,,,,,1,active,,5,4,B.Com;BBA;BCA;MBA;MCA
d94868c6-8542-4768-842d-d567bfbea20f,karunya-institute-of-technology-and-sciences-online,Karunya Institute of Technology and Sciences,,,Tamil Nadu,,Deemed-to-be University,false,approved,,2,,,,,,,2026-04-30T20:19:18.288421+00:00,2026-04-30T20:08:24.369356+00:00,A++,3.53,2,,,,,,,,,,,,,,,,,1,active,,2,1,B.Com;MBA
983006e3-14ea-4488-8ea1-cb8808bf5e5f,meenakshi-academy-of-higher-education-and-research-online,Meenakshi Academy of Higher Education and Research,,,Tamil Nadu,,Deemed-to-be University,false,approved,,3,,,,,,,2026-04-30T20:19:18.28843+00:00,2026-04-30T20:08:24.369356+00:00,A+,3.5,2,,,,,,,,,,,,,,,,Dental:16,0,,,3,0,B.Com;BA;MA
00469bc7-11e6-4da3-99f5-956d33b9b30a,anna-university-online,Anna University,,,Tamil Nadu,,State University,false,approved,,2,,,,,,,2026-04-30T20:19:18.288437+00:00,2026-04-30T20:08:24.369356+00:00,A++,3.54,3,20,,200,29,,200,88,,100,20,,200,,,,Architecture:28;Research:26,1,active,,2,2,MBA
ed40c526-997f-4ef9-8236-7906510da581,icfai-foundation-for-higher-education-online,ICFAI Foundation for Higher Education,,,Telangana,,Deemed-to-be University,false,approved,,2,,,,,,,2026-04-30T20:19:18.288464+00:00,2026-04-30T20:08:24.369356+00:00,A++,3.59,3,,,,,,,46,,100,,,,,,,Law:31,0,active,active,2,2,BBA;MBA
6d04cf6e-b6de-48f2-9bbd-9ed95200882b,shiv-nadar-institution-of-eminence-online,Shiv Nadar Institution of Eminence,,,Uttar Pradesh,,Deemed-to-be University,true,approved,,1,,,,,,,2026-04-30T20:19:18.288509+00:00,2026-04-30T20:08:24.446838+00:00,A,3.06,1,57,,200,85,,200,,,,,,,,,,,0,active,,1,1,MBA
96c1c79b-569d-4920-a32b-225578fd735f,jamia-hamdard-online,Jamia Hamdard,,,Delhi,,Deemed-to-be University,false,approved,,8,,Granted Deemed-to-be University status in 1989. Located in New Delhi. Evolved from the Hamdard Foundation established by Hakim Abdul Hameed.,"Online programmes are governed under UGC-DEB. As a Deemed-to-be University, AICTE approval applies to online MBA and MCA programmes per regulation.","Originally established with a focus on Unani medicine and pharmacy education. Programmes have since expanded to include management, computer applications, and Islamic studies.",,,2026-04-30T20:19:18.28777+00:00,2026-04-30T20:08:24.232111+00:00,A+,3.41,4,47,,200,74,,200,87,,100,,,,1,,100,Medical:40,0,active,,8,4,B.Com;BBA;BCA;MA;MBA;MCA
c645a726-42a9-4772-ba49-57380113a7f7,bharathiar-university-online,Bharathiar University,,,Tamil Nadu,,State University,false,approved,,11,,"Founded in 1982 in Coimbatore, Tamil Nadu, by an Act of the Tamil Nadu state legislature. Named after the Tamil poet Subramania Bharati. State Public University.","Online programmes are delivered through the School of Distance Education. As a State Public University, AICTE is not legally required for online MBA per UGC guidelines.",Affiliates colleges across western Tamil Nadu and runs a distance education programme.,,,2026-04-30T20:19:18.28839+00:00,2026-04-30T20:08:24.369356+00:00,A++,3.63,4,46,,200,76,,200,,,,,,,,,,,0,,,11,0,B.Com;BA;BBA;M.Com;MA;MBA;MCA
51582548-cb69-4672-8fc0-970f61ec34be,koneru-lakshmaiah-education-foundation-online,Koneru Lakshmaiah Education Foundation,,,Andhra Pradesh,,Deemed-to-be University,false,approved,,8,,,,,,,2026-04-30T20:19:18.287708+00:00,2026-04-30T20:08:24.232111+00:00,,,,26,,200,46,,200,70,,100,35,,200,,,,,0,active,,8,8,BBA;BCA;MBA;MCA
22d30aff-0314-43b1-a962-70b415df1166,vignans-foundation-for-science-technology-and-research-online,"Vignan's Foundation for Science, Technology and Research",,,Andhra Pradesh,,Deemed-to-be University,false,approved,,6,,,,,,,2026-04-30T20:19:18.287723+00:00,2026-04-30T20:08:24.232111+00:00,A++,3.58,4,70,,200,,,,,,,80,,200,,,,,1,active,,6,6,BBA;BCA;MBA;MCA
110904e8-a7a9-4cae-85dc-8f742fcf45c4,gujarat-university-online,Gujarat University,,,Gujarat,,State University,false,approved,,6,,,,,,,2026-04-30T20:19:18.28782+00:00,2026-04-30T20:08:24.232111+00:00,A+,3.3,3,74,,200,,,,,,,,,,,,,,0,,,6,0,B.Com;BA;BCA;M.Com;M.Sc;MA
5f055357-2745-4160-8740-482e8aa6a9cb,charotar-university-of-science-technology-online,Charotar University of Science & Technology,,,Gujarat,,Private University,false,approved,,4,,,,,,,2026-04-30T20:19:18.287828+00:00,2026-04-30T20:08:24.232111+00:00,A+,3.26,2,,,,,,,,,,,,,,,,,0,,,4,0,BBA;BCA;MBA;MCA
d32a1f82-8cc1-4e7b-8290-ac4f0a9596f3,dr-babasaheb-ambedkar-open-university-online,Dr. Babasaheb Ambedkar Open University,,,Gujarat,,State Open University,false,approved,,10,,,,,,,2026-04-30T20:19:18.287837+00:00,2026-04-30T20:08:24.232111+00:00,A++,3.55,1,,,,,,,,,,,,,,,,,0,,,10,0,B.Com;BA;BCA;M.Com;MA;MCA;MLIS
b9e11b75-b1e8-4d1f-b39c-c2dfcb8dbb30,parul-university-online,Parul University,,,Gujarat,,Private University,false,approved,,10,,,,,,,2026-04-30T20:19:18.287844+00:00,2026-04-30T20:08:24.232111+00:00,A++,3.55,1,,,,,,,,,,,,,41,,100,,0,,,10,0,BA;BBA;BCA;M.Com;M.Sc;MA;MBA;MCA;MSW
6fb7f521-175b-452c-aa43-6f9770860348,marwadi-university-online,Marwadi University,,,Gujarat,,Private University,false,approved,,7,,,,,,,2026-04-30T20:19:18.287851+00:00,2026-04-30T20:08:24.232111+00:00,A+,3.31,1,,,,,,,,,,,,,,,,,0,,,7,0,B.Com;BBA;BCA;M.Sc;MA;MBA;MCA
4884fbf2-7a3e-44ab-b9fd-e38ef9db2eb3,gujarat-technological-university-online,Gujarat Technological University,,,Gujarat,,State University,false,approved,,1,,,,,,,2026-04-30T20:19:18.287858+00:00,2026-04-30T20:08:24.232111+00:00,A+,3.26,1,,,,,,,,,,,,,58,,100,,0,,,1,0,MBA
55b26b3c-9241-4d6c-9ebb-229c43e7699b,gls-university-online,G.L.S. University,,,Gujarat,,Private University,false,approved,,6,,,,,,,2026-04-30T20:19:18.287866+00:00,2026-04-30T20:08:24.232111+00:00,A+,3.44,,,,,,,,,,,,,,,,,,0,,,6,0,B.Com;BBA;BCA;M.Com;MBA;MCA
58b3be43-7ac7-4bff-8cbe-f3fa97c834db,pp-savani-university-online,P.P. Savani University,,,Gujarat,,Private University,false,approved,,5,,,,,,,2026-04-30T20:19:18.287874+00:00,2026-04-30T20:08:24.232111+00:00,A+,3.38,,,,,,,,,,,,,,,,,,0,,,5,0,BCA;M.Com;M.Sc;MA;MBA
90dc898b-fa90-4d0b-8b86-9b67190f7ba3,guru-jambheshwar-university-of-science-and-technology-online,Guru Jambheshwar University of Science and Technology,,,Haryana,,State University,false,approved,,8,,,,,,,2026-04-30T20:19:18.287883+00:00,2026-04-30T20:08:24.232111+00:00,A+,3.38,4,,,,,,,,,,,,,49,,100,,1,,,8,0,B.Com;M.Com;M.Sc;MA;MBA;MCA
5d003123-a5e3-490e-88da-2f0a54a99b61,integral-university-online,Integral University,,,Uttar Pradesh,,Private University,false,approved,,13,,,,,,,2026-04-30T20:19:18.288515+00:00,2026-04-30T20:08:24.446838+00:00,A+,3.4,2,,,,,,,,,,,,,40,,100,,0,,,13,0,B.Com;BA;BCA;M.Com;M.Sc;MA;MBA;MCA;MSW
3f6fb1a4-db95-4875-9304-5722b0ec0912,gla-university-online,G.L.A. University,,,Uttar Pradesh,,Private University,false,approved,,5,,,,,,,2026-04-30T20:19:18.288523+00:00,2026-04-30T20:08:24.446838+00:00,A+,3.46,,,,,,,,,,,,,,,,,,0,,,5,0,B.Com;BBA;BCA;MBA;MCA
d2baa86c-c413-4a05-8616-d49d93e38c6a,graphic-era-online,Graphic Era,,,Uttarakhand,,Deemed-to-be University,false,approved,,5,,,,,,,2026-04-30T20:19:18.288585+00:00,2026-04-30T20:08:24.446838+00:00,A+,3.29,2,48,,200,72,,200,52,,100,52,,200,,,,,1,active,,5,4,B.Com;BBA;BCA;MBA;MCA
02ff8cc0-fb2b-4e59-8576-ce7e9a0bceb2,kurukshetra-university-online,Kurukshetra University,,,Haryana,,State University,false,approved,,9,,"Founded in 1956 in Kurukshetra, Haryana, by an Act of the Punjab state legislature. Became part of Haryana following state reorganisation in 1966. State Public University.","Online programmes are delivered through the Directorate of Distance Education. As a State Public University, AICTE is not legally required for online MBA per UGC guidelines.",Affiliates colleges across northern Haryana and runs a distance education centre.,,,2026-04-30T20:19:18.28789+00:00,2026-04-30T20:08:24.232111+00:00,A++,3.56,4,,,,,,,,,,,,,,,,,0,,,9,0,B.Com;BA;BBA;M.Com;MA;MBA;MCA
89c97af3-3a7a-4f10-9e78-9810eaaa03fb,mohan-babu-university-online,Mohan Babu University,,,Andhra Pradesh,,Private University,false,approved,,5,,,,,,,2026-04-30T20:19:18.287733+00:00,2026-04-30T20:08:24.232111+00:00,,,,,,,,,,,,,,,,,,,,0,,,5,0,B.Com;BBA;BCA;MBA;MCA
426d7ac0-64d5-4554-98aa-8dda0fcb2bc4,assam-down-town-university-online,Assam Down Town University,,,Assam,,Private University,false,approved,,4,,,,,,,2026-04-30T20:19:18.287742+00:00,2026-04-30T20:08:24.232111+00:00,A+,3.34,2,,,,,,,,,,,,,,,,,0,,,4,0,BBA;BCA;MBA;MCA
a4d0a87e-ac93-41a5-becd-a3b8c76ad34e,guru-ghasidas-vishwavidyalaya-online,Guru Ghasidas Vishwavidyalaya,,,Chhattisgarh,,Central University,false,approved,,13,,,,,,,2026-04-30T20:19:18.287756+00:00,2026-04-30T20:08:24.232111+00:00,A++,3.62,2,,,,,,,,,,,,,47,,100,,0,,,13,0,B.Com;BCA;BLIS;M.Com;MA;MBA;MCA;MLIS;MSW
0b089b9b-8510-4c78-bb70-f0f12797a699,mats-university-online,MATS University,,,Chhattisgarh,,Private University,false,approved,,5,,,,,,,2026-04-30T20:19:18.287763+00:00,2026-04-30T20:08:24.232111+00:00,A+,3.3,,,,,,,,,,,,,,,,,,0,,,5,0,B.Com;BBA;BCA;MBA;MCA
61dd9279-049a-471d-a204-4209cca2ae7d,jamia-millia-islamia-university-online,Jamia Millia Islamia University,,,Delhi,,Central University,false,approved,,12,,,,,,,2026-04-30T20:19:18.287779+00:00,2026-04-30T20:08:24.232111+00:00,A++,3.61,2,4,,200,13,,200,28,,100,24,,200,,,,Law:8;Architecture:5;Dental:17;Research:20,1,,,12,0,B.Com;BA;BBA;M.Com;MA
b408d069-0848-48d1-9cbe-7f338d9c9847,jawaharlal-nehru-university-online,Jawaharlal Nehru University,,,Delhi,,Central University,false,approved,,1,,,,,,,2026-04-30T20:19:18.287787+00:00,2026-04-30T20:08:24.232111+00:00,A++,3.62,3,2,,200,9,,200,,,,,,,,,,Research:21,0,,,1,0,MA
0d36b5ce-0425-48a9-b7e5-ea41123fabe0,central-sanskrit-university-online,Central Sanskrit University,,,Delhi,,Central University,false,approved,,6,,,,,,,2026-04-30T20:19:18.287795+00:00,2026-04-30T20:08:24.232111+00:00,A++,3.6,,,,,,,,,,,,,,,,,,0,,,6,0,Acharya (PG);Shastri (UG)
888ceaea-0eb5-4e7a-b0b9-97b26fd08242,guru-gobind-singh-indraprastha-vishwavidyalaya-online,Guru Gobind Singh Indraprastha Vishwavidyalaya,,,Delhi,,State University,false,approved,,4,,,,,,,2026-04-30T20:19:18.287804+00:00,2026-04-30T20:08:24.232111+00:00,A++,3.56,3,93,,200,,,,76,,100,,,,,,,Law:22;Architecture:36,0,,,4,0,B.Com;BBA;MA;MCA
95131754-d601-45df-aaeb-1e52696b6873,indian-institute-of-foreign-trade-online,Indian Institute of Foreign Trade,,,Delhi,,Deemed-to-be University,false,approved,,1,,,,,,,2026-04-30T20:19:18.287813+00:00,2026-04-30T20:08:24.232111+00:00,A+,3.27,3,,,,,,,17,,100,,,,,,,,0,active,active,1,1,MBA
0a38f361-2efe-4f9c-b963-65bf04b7b62d,shree-guru-gobind-singh-tricentenary-university-online,Shree Guru Gobind Singh Tricentenary University,,,Haryana,,Private University,false,approved,,5,,,,,,,2026-04-30T20:19:18.287924+00:00,2026-04-30T20:08:24.232111+00:00,A+,3.33,1,,,,,,,,,,,,,100,,100,,0,,,5,0,B.Com;BBA;BCA;MBA;MCA
e752be48-7dc5-4a21-a1d1-83c0eee493c3,mody-university-of-science-and-technology-online,Mody University of Science and Technology,,,Rajasthan,,Private University,false,approved,,7,,,,,,,2026-04-30T20:19:18.288256+00:00,2026-04-30T20:08:24.369356+00:00,A+,3.43,1,,,,,,,,,,,,,,,,,0,,,7,0,B.Com;BA;BCA;M.Com;MA;MBA;MCA
f22e6af2-2ece-460a-a5c3-5d069717451f,narsee-monjee-institute-of-management-studies-nmims-online,Narsee Monjee Institute of Management Studies (NMIMS),,,Maharashtra,,Deemed-to-be University,false,approved,,4,,Founded in 1981 in Mumbai. Granted Deemed-to-be University status in 2003. Operates as SVKM's Narsee Monjee Institute of Management Studies under the Shri Vile Parle Kelavani Mandal trust.,"Online programmes are delivered through NMIMS Global Access School. As a Deemed-to-be University, AICTE approval applies to online MBA and MCA programmes per regulation.","Originally established as a management institute, with the School of Business Management as its founding school.",,,2026-04-30T20:19:18.288144+00:00,2026-04-30T20:08:24.369356+00:00,A++,3.67,4,52,,200,95,,200,24,,100,,,,11,,100,,1,active,active,4,3,B.Com;BBA;MBA
5e9b52b9-6b65-4570-80bc-aa7f2be6860d,jaipur-national-university-online,Jaipur National University,,,Rajasthan,,Private University,false,approved,,8,,,,,,,2026-04-30T20:19:18.288271+00:00,2026-04-30T20:08:24.369356+00:00,A+,3.3,2,,,,,,,,,,,,,,,,,0,,,8,0,B.Com;BBA;BCA;M.Sc;MA;MBA;MCA
73242707-10b4-49bb-ba9a-605ca91d1b97,chandigarh-university-online,Chandigarh University,,,Punjab,,Private University,false,approved,,10,,"Founded in 2012 in Mohali, Punjab. State Private University, established under the Punjab State Legislative Assembly. Part of the broader CU Group.","Online programmes are delivered through CU Online. As a State Private University, AICTE approval is not legally required for online MBA and MCA per UGC guidelines.","Programmes span engineering, management, law, computer applications, and pharmacy.",,,2026-04-30T20:19:18.288189+00:00,2026-04-30T20:08:24.369356+00:00,A+,3.28,1,19,,200,32,,200,32,,100,31,,200,15,,100,Architecture:14;Research:34,0,,,10,0,BA;BBA;BCA;M.Sc;MA;MBA;MCA
0e898ffe-409b-473d-a551-fbb1f8da5f96,shri-ramasamy-memorial-university-online,Shri Ramasamy Memorial University,,,Sikkim,,Private University,false,approved,,6,,,,,,,2026-04-30T20:19:18.288285+00:00,2026-04-30T20:08:24.369356+00:00,A+,3.26,1,,,,,,,,,,,,,,,,,0,,,6,0,B.Com;BBA;BCA;M.Com;MBA;MCA
e8712866-20ac-42a4-ad3c-cd345f2d10a5,madurai-kamaraj-university-online,Madurai Kamaraj University,,,Tamil Nadu,,State University,false,approved,,9,,,,,,,2026-04-30T20:19:18.288317+00:00,2026-04-30T20:08:24.369356+00:00,A++,3.54,4,85,,200,,,,,,,,,,,,,,0,,,9,0,B.Com;BA;BBA;M.Com;M.Sc;MA
54a919ad-07ed-4c8d-a251-64c8f04e883f,manipal-university-online,Manipal University,,,Rajasthan,,Private University,false,approved,,8,,"Founded in 2011 in Rajasthan as a State Private University, established under the Rajasthan state legislature Act. Part of the Manipal Education Group but a legally separate entity from Manipal Academy of Higher Education in Karnataka.","Online programmes are delivered through Online Manipal alongside MAHE and Sikkim Manipal. As a State Private University, AICTE is not legally required for online MBA per UGC guidelines.",Operates as the Rajasthan campus of the Manipal brand.,,Manipal Jaipur;Manipal University Rajasthan;MUJ,2026-04-30T20:19:18.288234+00:00,2026-04-30T20:08:24.369356+00:00,A+,3.28,1,58,,200,98,,200,81,,100,58,,200,,,,Law:32;Architecture:21,1,,,8,0,B.Com;BBA;BCA;M.Com;MA;MBA;MCA
d84d6c0a-8780-41d1-9c40-a977ecde0177,amity-university-rajasthan-online,Amity University Rajasthan,,,Rajasthan,,Private University,false,approved,,9,amity,"Amity offers online programmes through two separate UGC-DEB approved universities: Amity University Uttar Pradesh (Noida), founded in 2005, and Amity University Rajasthan (Jaipur). Both are State Private Universities.",Different online programmes are approved by different Amity entities. The approving entity issues your degree certificate. Confirm which Amity entity approves your specific programme before enrolling.,"The Amity Education Group operates multiple universities across Indian states, established by the Ritnand Balved Education Foundation.",,Amity;Amity Online;Amity University,2026-04-30T20:19:18.288264+00:00,2026-04-30T20:08:24.369356+00:00,A+,3.31,2,,,,,,,,,,,,,,,,,0,,,9,0,B.Com;BBA;BCA;M.Sc;MA;MBA;MCA
b4388519-22b3-4c23-b71d-0a2cdebddb0f,lovely-professional-university-online,Lovely Professional University,,,Punjab,,Private University,false,approved,,12,,"Founded in 2005 in Punjab as a State Private University, established under an Act of the Punjab state legislature.","Online programmes are delivered through LPU Online. As a State Private University, AICTE approval is not legally required for online MBA and MCA per UGC guidelines.","Programmes span engineering, management, agriculture, design, and pharmacy.",,,2026-04-30T20:19:18.288204+00:00,2026-04-30T20:08:24.369356+00:00,A++,3.68,1,31,,200,49,,200,44,,100,48,,200,13,,100,Law:26;Architecture:24;Research:40;Agriculture:17,0,,,12,0,BA;BBA;BCA;M.Com;M.Sc;MA;MBA;MCA
bc347503-3247-4213-8a36-d0ed2a92a293,datta-meghe-institute-of-higher-education-and-research-online,Datta Meghe Institute of Higher Education and Research,,,Maharashtra,,Deemed-to-be University,false,approved,,5,,,,,,,2026-04-30T20:19:18.288126+00:00,2026-04-30T20:08:24.369356+00:00,A++,3.78,4,49,,200,84,,200,,,,,,,,,,Dental:36;Medical:20,0,active,,5,2,B.Com;BBA;BCA;MBA;MCA
96bf6013-913c-4f3d-a475-95a2fd4a7c0f,shivaji-university-online,Shivaji University,,,Maharashtra,,State University,false,approved,,3,,,,,,,2026-04-30T20:19:18.288151+00:00,2026-04-30T20:08:24.369356+00:00,A++,3.52,4,,,,,,,,,,,,,,,,,0,,,3,0,M.Com;M.Sc;MBA
10365f3e-99b3-4db4-bd97-ed6a9d29746e,savitribai-phule-pune-university-online,Savitribai Phule Pune University,,,Maharashtra,,State University,false,approved,,5,,,,,,,2026-04-30T20:19:18.288158+00:00,2026-04-30T20:08:24.369356+00:00,,,,56,,200,91,,200,,,,,,,,,,,0,,,5,0,BBA;BCA;M.Com;MBA;MCA
169b92d9-9955-450e-b18d-2215d3b3e7fe,mizoram-university-online,Mizoram University,,,Mizoram,,Central University,false,approved,,6,,,,,,,2026-04-30T20:19:18.288165+00:00,2026-04-30T20:08:24.369356+00:00,A+,3.3,3,82,,200,,,,,,,,,,,,,,0,,,6,0,MA;MBA
9cf6a48f-ff9f-478f-8ea6-319526ab313a,kalinga-institute-of-industrial-technology-online,Kalinga Institute of Industrial Technology,,,Odisha,,Deemed-to-be University,false,approved,,8,,,,,,,2026-04-30T20:19:18.288174+00:00,2026-04-30T20:08:24.369356+00:00,A++,3.52,3,17,,200,27,,200,68,,100,36,,200,,,,Law:14;Dental:26;Research:43;Medical:24,1,,,8,0,B.Com;BA;M.Com;MA
203e2b6b-81b2-43c8-80b4-d3f26796db5c,centurion-university-of-technology-and-management-online,Centurion University of Technology and Management,,,Odisha,,Private University,false,approved,,6,,,,,,,2026-04-30T20:19:18.288182+00:00,2026-04-30T20:08:24.369356+00:00,A+,3.37,2,,,,,,,,,,,,,,,,,0,,,6,0,B.Com;BBA;BCA;M.Sc;MBA;MCA
a8bc3fdb-166b-4d03-a561-e5edb5bf1486,chitkara-university-online,Chitkara University,,,Punjab,,Private University,false,approved,,2,,,,,,,2026-04-30T20:19:18.288196+00:00,2026-04-30T20:08:24.369356+00:00,A+,3.26,1,78,,200,,,,78,,100,89,,200,16,,100,Architecture:38,0,,,2,0,BBA;MBA
33811849-4947-49ec-8c6f-28ecccde8876,guru-nanak-dev-university-online,Guru Nanak Dev University,,,Punjab,,State University,false,approved,,11,,,,,,,2026-04-30T20:19:18.288211+00:00,2026-04-30T20:08:24.369356+00:00,A++,3.85,4,,,,,,,,,,,,,,,,,0,,,11,0,B.Com;BA;BCA;M.Com;MA;MBA;MCA
4ce93467-2166-4026-82fd-7365ca1339f9,guru-kashi-university-online,Guru Kashi University,,,Punjab,,Private University,false,approved,,13,,,,,,,2026-04-30T20:19:18.288218+00:00,2026-04-30T20:08:24.369356+00:00,A++,3.57,1,,,,,,,,,,,,,,,,,0,,,13,0,BA;BBA;BCA;M.Com;MA;MBA;MCA;MLIS
5705c77b-9894-48a9-9bdb-ce7e814c233b,desh-bhagat-university-online,Desh Bhagat University,,,Punjab,,Private University,false,approved,,13,,,,,,,2026-04-30T20:19:18.288226+00:00,2026-04-30T20:08:24.369356+00:00,A+,3.27,1,,,,,,,,,,,,,,,,,0,,,13,0,B.Com;BA;BBA;M.Com;MA;MBA;MCA;MLIS
3e4bc7cb-bb06-4404-ae85-0107bc1b9f0e,vivekananda-global-university-online,Vivekananda Global University,,,Rajasthan,,Private University,false,approved,,9,,,,,,,2026-04-30T20:19:18.288241+00:00,2026-04-30T20:08:24.369356+00:00,A+,3.29,1,,,,,,,,,,,,,,,,,0,,,9,0,BA;BBA;BCA;M.Sc;MA;MBA;MCA
8c6cca70-8005-465d-848a-fb9d28d189af,banasthali-vidyapith-online,Banasthali Vidyapith,,,Rajasthan,,Deemed-to-be University,false,approved,,11,,,,,,,2026-04-30T20:19:18.288248+00:00,2026-04-30T20:08:24.369356+00:00,A++,3.63,3,66,,200,,,,,,,71,,200,22,,100,,0,active,,11,1,B.Com;BA;M.Com;M.Sc;MA;MBA
89cc476b-9a86-44e0-81cf-af2fcf9f412b,university-of-lucknow-online,University of Lucknow,,,Uttar Pradesh,,State University,false,approved,,9,,,,,,,2026-04-30T20:19:18.288538+00:00,2026-04-30T20:08:24.446838+00:00,A++,3.55,3,98,,200,,,,100,,100,,,,,,,Law:29,0,,,9,0,B.Com;BBA;M.Com;MA;MBA;MSW
d17e3fa8-b717-487f-bfb6-c3277b0a0688,noida-international-university-online,Noida International University,,,Uttar Pradesh,,Private University,false,approved,,9,,,,,,,2026-04-30T20:19:18.288546+00:00,2026-04-30T20:08:24.446838+00:00,A+,3.44,1,,,,,,,,,,,,,,,,,0,,,9,0,B.Com;BBA;BCA;M.Com;M.Sc;MA;MBA;MCA
ec2849a5-bb50-4adf-ac67-168b0d35f1fe,chatrapati-shahuji-maharaj-university-online,Chatrapati Shahuji Maharaj University,,,Uttar Pradesh,,State University,false,approved,,6,,,,,,,2026-04-30T20:19:18.288554+00:00,2026-04-30T20:08:24.446838+00:00,A++,3.57,,,,,,,,,,,,,,,,,,0,,,6,0,B.Com;BBA;BCA;M.Com;MBA;MCA
299979bd-dea7-48b3-9afc-f02d4446c476,amity-university-online,Amity University,,,Uttar Pradesh,,Private University,false,approved,,18,amity,"Amity offers online programmes through two separate UGC-DEB approved universities: Amity University Uttar Pradesh (Noida), founded in 2005, and Amity University Rajasthan (Jaipur). Both are State Private Universities.",Different online programmes are approved by different Amity entities. The approving entity issues your degree certificate. Confirm which Amity entity approves your specific programme before enrolling.,"The Amity Education Group operates multiple universities across Indian states, established by the Ritnand Balved Education Foundation.",,Amity;Amity Online;Amity University,2026-04-30T20:19:18.288486+00:00,2026-04-30T20:08:24.369356+00:00,A+,,Cycle 3,22,,200,37,,200,49,,100,37,,200,18,,100,Research:38;Agriculture:15,0,,,18,0,B.Com;BA;BBA;BCA;BSW;M.Com;MA;MBA;MCA;MSW;PG Diploma
35770554-ed70-4e3c-8405-d718c4b6911a,university-of-petroleum-and-energy-studies-online,University of Petroleum and Energy Studies,,,Uttarakhand,,Private University,false,approved,,8,,"Founded in 2003 in Dehradun, Uttarakhand. State Private University, established by an Act of the Uttarakhand State Legislature.","Online programmes are delivered through UPES Online. As a State Private University, AICTE is not legally required for online MBA per UGC guidelines.","Originally founded with a focus on the energy and petroleum sector. Programmes have since expanded to include engineering, management, design, and law.",,,2026-04-30T20:19:18.288593+00:00,2026-04-30T20:08:24.446838+00:00,A,3.02,2,45,,200,64,,200,36,,100,43,,200,,,,Law:18;Research:45,0,,,8,0,BBA;BCA;MBA;MCA
68f1abd9-9c91-4155-bf65-46a0f164dd4e,mahatma-jyotiba-phule-rohilkhand-university-online,Mahatma Jyotiba Phule Rohilkhand University,,,Uttar Pradesh,,State University,false,approved,,8,,,,,,,2026-04-30T20:19:18.28857+00:00,2026-04-30T20:08:24.446838+00:00,A++,3.6,,,,,,,,,,,,,,,,,,0,,,8,0,BA;M.Com;M.Sc;MA
5fe4652c-7fd6-4b60-b255-706ffad98675,galgotias-university-online,Galgotias University,,,Uttar Pradesh,,Private University,false,approved,,8,,"Founded in 2011 in Greater Noida, Uttar Pradesh, as a State Private University, established by an Act of the Uttar Pradesh state legislature. Evolved from Galgotias Educational Institutions.","Online programmes are delivered through Galgotias Online. As a State Private University, AICTE is not legally required for online MBA per UGC guidelines.","Programmes span engineering, computer applications, and management.",,,2026-04-30T20:19:18.288562+00:00,2026-04-30T20:08:24.446838+00:00,A+,3.37,1,,,,,,,,,,,,,55,,100,Law:36,0,,,8,0,BBA;BCA;M.Com;MA;MBA;MCA
2b08faca-5e23-4a9a-a370-f2804adb22c4,mangalayatan-university-online,Mangalayatan University,,,Uttar Pradesh,,Private University,false,approved,,12,,"Founded in 2006 in Aligarh, Uttar Pradesh, as a State Private University, established under the Uttar Pradesh state legislature.","Online programmes are delivered through Mangalayatan Online. As a State Private University, AICTE is not legally required for online MBA per UGC guidelines.",Operates with a wide range of UG and PG programmes including online and distance learning.,,,2026-04-30T20:19:18.2885+00:00,2026-04-30T20:08:24.369356+00:00,A+,3.34,1,,,,,,,,,,,,,,,,,0,,,12,0,BA;BBA;BCA;M.Com;M.Sc;MA;MBA;MCA
b697e01a-bec1-4058-87d0-adde66a1f725,devi-ahilya-vishwavidyalaya-online,Devi Ahilya Vishwavidyalaya,,,Madhya Pradesh,,State University,false,approved,,3,,,,,,,2026-04-30T20:19:18.288071+00:00,2026-04-30T20:08:24.232111+00:00,A+,3.3,4,,,,,,,,,,,,,,,,,0,,,3,0,MA;MBA
d0a9aede-5b0c-4a82-9a58-cdeaad1dcb7b,bharathidasan-university-online,Bharathidasan University,,,Tamil Nadu,,State University,false,approved,,10,,,,,,,2026-04-30T20:19:18.288292+00:00,2026-04-30T20:08:24.369356+00:00,,,,36,,200,61,,200,,,,,,,,,,,0,,,10,0,BA;BBA;MA;MBA
a3f5f443-987c-45f2-8b37-da73a68b9990,dr-mgr-educational-and-research-institute-online,Dr. M.G.R. Educational and Research Institute,,,Tamil Nadu,,Deemed-to-be University,false,approved,,7,,,,,,,2026-04-30T20:19:18.288327+00:00,2026-04-30T20:08:24.369356+00:00,A+,3.48,3,,,,,,,,,,,,,,,,Architecture:32;Dental:30,1,active,,7,2,B.Com;M.Com;M.Sc;MA;MBA;MCA
03b8a8d8-03e8-43e8-8ec7-58460c6c52f9,shanmugha-arts-science-technology-research-academy-online,"Shanmugha Arts, Science, Technology & Research Academy",,,Tamil Nadu,,Deemed-to-be University,false,approved,,10,,,,,,,2026-04-30T20:19:18.288336+00:00,2026-04-30T20:08:24.369356+00:00,A++,3.76,4,29,,200,51,,200,,,,40,,200,,,,Law:11,0,active,,10,4,B.Com;BBA;BCA;M.Com;M.Sc;MA;MBA;MCA
644a7c5e-53ec-4e10-afbe-1d9efbe1de25,srm-institute-of-sciences-and-technology-online,S.R.M. Institute of Sciences and Technology,,,Tamil Nadu,,Deemed-to-be University,false,approved,,5,,,,,,,2026-04-30T20:19:18.288353+00:00,2026-04-30T20:08:24.369356+00:00,A++,3.53,2,11,,200,22,,200,56,,100,14,,200,10,,100,Law:25;Architecture:18;Research:25;Medical:18;Agriculture:33,1,active,,5,4,BBA;BCA;M.Com;MBA;MCA
df66ba10-46f4-43df-b06f-818076f928b9,vels-institute-of-science-technology-advanced-studies-vistas-online,"Vel's Institute of Science, Technology & Advanced Studies (VISTAS)",,,Tamil Nadu,,Deemed-to-be University,false,approved,,2,,,,,,,2026-04-30T20:19:18.288447+00:00,2026-04-30T20:08:24.369356+00:00,A++,3.52,2,,,,,,,,,,,,,61,,100,,1,active,,2,2,BBA;MBA
7bfa62d7-db25-4e71-80a1-b736888cad67,sri-ramachandra-institute-of-higher-education-and-research-online,Sri Ramachandra Institute of Higher Education and Research,,,Tamil Nadu,,Deemed-to-be University,false,approved,,1,,,,,,,2026-04-30T20:19:18.288456+00:00,2026-04-30T20:08:24.369356+00:00,A++,3.53,3,60,,200,,,,,,,,,,36,,100,Dental:13;Medical:21,0,,,1,0,B.Sc
bf14f905-8c36-4b7f-acf6-dfbbef7d8874,international-institute-of-information-technology-online,International Institute of Information Technology,,,Telangana,,Deemed-to-be University,false,approved,,1,,,,,,,2026-04-30T20:19:18.288472+00:00,2026-04-30T20:08:24.369356+00:00,A++,3.51,3,,,,,,,,,,,,,,,,,0,,,1,0,M.Sc
8e44b73a-e391-41a7-93f4-2cb064cce8f9,aligarh-muslim-university-online,Aligarh Muslim University,,,Uttar Pradesh,,Central University,false,approved,,11,,,,,,,2026-04-30T20:19:18.288479+00:00,2026-04-30T20:08:24.369356+00:00,A+,3.35,2,10,,200,19,,200,69,,100,34,,200,,,,Law:9;Architecture:26;Dental:28;Research:28;Medical:29,0,,,11,0,B.Com;BA;M.Com;MA;MBA;MLIS
74922506-fc6d-484c-b6c8-17b9746d87c1,sharda-university-online,Sharda University,,,Uttar Pradesh,,Private University,false,approved,,7,,,,,,,2026-04-30T20:19:18.288493+00:00,2026-04-30T20:08:24.369356+00:00,A+,3.27,2,87,,200,,,,,,,,,,57,,100,,0,,,7,0,BA;BBA;BCA;M.Com;MA;MBA;MCA
c399c5fe-c9f7-4cc3-b8e9-bd4dd8a5f2f1,dayalbagh-educational-institute-online,Dayalbagh Educational Institute,,,Uttar Pradesh,,Deemed-to-be University,false,approved,,5,,,,,,,2026-04-30T20:19:18.288531+00:00,2026-04-30T20:08:24.446838+00:00,A+,3.4,3,,,,,,,,,,,,,,,,Architecture:32;Dental:30,1,active,,5,1,B.Com;BA;BBA;M.Com;MA
fdf0f822-2fe8-45bf-bce5-169598cc34b7,deen-dayal-upadhyay-gorakhpur-university-online,Deen Dayal Upadhyay Gorakhpur University,,,Uttar Pradesh,,State University,false,approved,,5,,,,,,,2026-04-30T20:19:18.288578+00:00,2026-04-30T20:08:24.446838+00:00,A++,3.78,2,,,,,,,,,,,,,,,,,0,,,5,0,B.Com;BBA;M.Com;MA;MBA
be363a22-492f-4ecb-9722-31e8324ac40e,uttaranchal-university-online,Uttaranchal University,,,Uttarakhand,,Private University,false,approved,,5,,,,,,,2026-04-30T20:19:18.2886+00:00,2026-04-30T20:08:24.446838+00:00,A+,3.3,1,,,,,,,,,,,,,75,,100,,0,,,5,0,BA;BBA;BCA;MBA;MCA
d3095a92-43dd-4a12-befd-676a6f9462ef,assam-don-bosco-university-online,Assam Don Bosco University,,,Assam,,Private University,false,approved,,2,,,,,,,2026-04-30T20:19:18.288608+00:00,2026-04-30T20:08:24.446838+00:00,A,3.08,2,,,,,,,,,,,,,,,,,0,,,2,0,MBA;MCA
5cad0dbc-e3d5-4caa-90ae-9b9b8342ca0c,ganpat-university-online,Ganpat University,,,Gujarat,,Private University,false,approved,,3,,,,,,,2026-04-30T20:19:18.288614+00:00,2026-04-30T20:08:24.446838+00:00,A,3.11,1,,,,,,,,,,,,,,,,,0,,,3,0,BBA;MBA;MCA
376975b3-1f2f-4583-9879-ee2c8b1cde2d,the-northcap-university-online,The NorthCap University,,,Haryana,,Private University,false,approved,,2,,,,,,,2026-04-30T20:19:18.288621+00:00,2026-04-30T20:08:24.446838+00:00,A,3.02,2,,,,,,,,,,,,,,,,,0,,,2,0,B.Com;BBA
2bd0ecdc-d457-4ab7-9b02-95b98d64fc21,arka-jain-university-online,Arka Jain University,,,Jharkhand,,Private University,false,approved,,5,,,,,,,2026-04-30T20:19:18.288628+00:00,2026-04-30T20:08:24.446838+00:00,A,3.15,1,,,,,,,,,,,,,,,,,0,,,5,0,B.Com;BBA;BCA;MBA;MCA
67d12fea-e85d-4ef3-8444-db7bbe1568f8,manav-rachna-international-institute-of-research-studies-online,Manav Rachna International Institute of Research & Studies,,,Haryana,,Deemed-to-be University,false,approved,,10,,,,,,,2026-04-30T20:19:18.287915+00:00,2026-04-30T20:08:24.232111+00:00,A++,3.53,2,96,,200,,,,,,,,,,,,,Dental:33,1,active,,10,4,B.Com;BA;BBA;BCA;M.Com;MA;MBA;MCA
2704fe86-155c-469c-a656-cc15161fed7a,jagannath-university-online,Jagannath University,,,Rajasthan,,Private University,false,approved,,5,,,,,,,2026-04-30T20:19:18.288635+00:00,2026-04-30T20:08:24.446838+00:00,A,3.01,,,,,,,,,,,,,,,,,,0,,,5,0,B.Com;BA;BBA;MA;MBA
2cb014bb-1f11-4481-9de0-846f21bdc269,academy-of-maritime-education-and-training-online,Academy of Maritime Education and Training,,,Tamil Nadu,,Deemed-to-be University,false,approved,,3,,,,,,,2026-04-30T20:19:18.288643+00:00,2026-04-30T20:08:24.446838+00:00,A,3.13,2,,,,,,,,,,,,,,,,,0,active,,3,2,B.Com;BBA;MBA
28cf71fa-c660-4a90-be8c-a76b7fbb9609,shobhit-institute-of-engineering-technology-online,Shobhit Institute of Engineering & Technology,,,Uttar Pradesh,,Deemed-to-be University,false,approved,,4,,,,,,,2026-04-30T20:19:18.288651+00:00,2026-04-30T20:08:24.446838+00:00,A,3.12,2,,,,,,,,,,,,,,,,,0,active,,4,4,BBA;BCA;MBA;MCA
665af652-0926-4cdd-998f-0fab36b8e6da,teerthanker-mahaveer-university-online,Teerthanker Mahaveer University,,,Uttar Pradesh,,Private University,false,approved,,5,,,,,,,2026-04-30T20:19:18.288659+00:00,2026-04-30T20:08:24.446838+00:00,A,3.15,2,,,,,,,,,,,,,,,,,0,,,5,0,BA;BBA;MBA
dc93296b-b860-4809-bf08-6271defd38bc,swami-vivekanand-subharti-university-online,Swami Vivekanand Subharti University,,,Uttar Pradesh,,Private University,false,approved,,2,,,,,,,2026-04-30T20:19:18.288666+00:00,2026-04-30T20:08:24.446838+00:00,A,3.22,2,,,,,,,,,,,,,,,,,0,,,2,0,MA;MBA
e762931a-c023-41d9-aa37-53ee06b25c6f,jaypee-institute-of-information-technology-online,Jaypee Institute of Information Technology,,,Uttar Pradesh,,Deemed-to-be University,false,approved,,2,,,,,,,2026-04-30T20:19:18.288674+00:00,2026-04-30T20:08:24.446838+00:00,A+,3.4,3,,,,,,,,,,,,,,,,,1,active,,2,2,BBA;MBA